,Date,AveragePrice,Total Volume,4046,4225,4770,Total Bags,Small Bags,Large Bags,XLarge Bags,type,year,region
0,3/25/2018,1.71,2321.82,42.95,272.41,0,2006.46,1996.46,10,0,organic,2018,Albany
1,3/18/2018,1.66,3154.45,275.89,297.96,0,2580.6,2577.27,3.33,0,organic,2018,Albany
2,3/11/2018,1.68,2570.52,131.67,229.56,0,2209.29,2209.29,0,0,organic,2018,Albany
3,3/4/2018,1.48,3851.3,311.55,296.77,0,3242.98,3239.65,3.33,0,organic,2018,Albany
4,2/25/2018,1.56,5356.63,816.56,532.59,0,4007.48,4007.48,0,0,organic,2018,Albany
5,2/18/2018,1.43,7566.17,4314.3,251.85,0,3000.02,3000.02,0,0,organic,2018,Albany
6,2/11/2018,1.43,3817.93,59.18,289.85,0,3468.9,3468.9,0,0,organic,2018,Albany
7,2/4/2018,1.52,4124.96,118.38,420.36,0,3586.22,3586.22,0,0,organic,2018,Albany
8,1/28/2018,1.32,6987.56,433.66,374.96,0,6178.94,6178.94,0,0,organic,2018,Albany
9,1/21/2018,1.54,3346.54,14.67,253.01,0,3078.86,3078.86,0,0,organic,2018,Albany
10,1/14/2018,1.47,4140.95,7.3,301.87,0,3831.78,3831.78,0,0,organic,2018,Albany
11,1/7/2018,1.54,4816.9,43.51,412.17,0,4361.22,4357.89,3.33,0,organic,2018,Albany
0,3/25/2018,1.56,18717.08,469.23,3942.82,0,14305.03,9398.45,4906.58,0,organic,2018,Atlanta
1,3/18/2018,1.48,19014.68,626.28,5411.88,0,12976.52,9134.72,3841.8,0,organic,2018,Atlanta
2,3/11/2018,1.43,23042.99,590.29,5224.55,0,17228.15,16438.54,789.61,0,organic,2018,Atlanta
3,3/4/2018,1.66,17082,597.4,5315.48,0,11169.12,9691.97,1477.15,0,organic,2018,Atlanta
4,2/25/2018,1.55,15348.44,530.19,5122.82,0,9695.43,9065.3,630.13,0,organic,2018,Atlanta
5,2/18/2018,1.56,11165.57,429.96,4037.32,0,6698.29,5920.95,777.34,0,organic,2018,Atlanta
6,2/11/2018,1.55,14843.93,384.86,3957.78,0,10501.29,7478.35,3022.94,0,organic,2018,Atlanta
7,2/4/2018,1.62,11900.41,384.29,4042.55,0,7473.57,5731.98,1741.59,0,organic,2018,Atlanta
8,1/28/2018,1.67,14446.26,390.17,5130.48,0,8925.61,5602.18,3323.43,0,organic,2018,Atlanta
9,1/21/2018,1.64,18554.97,349.05,3967.66,0,14238.26,6204.43,8033.83,0,organic,2018,Atlanta
10,1/14/2018,1.56,16151.7,291.55,3583.4,0,12276.75,7227.8,5048.95,0,organic,2018,Atlanta
11,1/7/2018,1.53,15714.11,405.37,4195.19,0,11113.55,7883.61,3229.94,0,organic,2018,Atlanta
0,3/25/2018,1.33,57606.42,2002.4,5548.18,82.68,49973.16,49957.61,15.55,0,organic,2018,BaltimoreWashington
1,3/18/2018,1.41,45505,2132.2,6130.5,76.41,37165.89,37157.4,8.49,0,organic,2018,BaltimoreWashington
2,3/11/2018,1.44,48044.77,1885.84,6874.81,96.69,39187.43,39177.43,10,0,organic,2018,BaltimoreWashington
3,3/4/2018,1.43,43300.77,2360.2,6371.68,93.52,34475.37,34475.37,0,0,organic,2018,BaltimoreWashington
4,2/25/2018,1.47,47421.15,1626.3,7913.27,49.45,37832.13,37822.13,10,0,organic,2018,BaltimoreWashington
5,2/18/2018,1.52,51564.7,2125.96,12402.09,79.77,36956.88,36927.99,28.89,0,organic,2018,BaltimoreWashington
6,2/11/2018,1.53,46355.69,1457.17,9060.57,68.22,35769.73,35769.73,0,0,organic,2018,BaltimoreWashington
7,2/4/2018,1.59,41615.66,1201.51,7408.22,85.69,32920.24,32904.68,15.56,0,organic,2018,BaltimoreWashington
8,1/28/2018,1.55,44059.08,1236.06,8807.18,147.27,33868.57,33859.68,8.89,0,organic,2018,BaltimoreWashington
9,1/21/2018,1.66,38098.21,1450.87,9262.48,65.08,27319.78,27315.34,4.44,0,organic,2018,BaltimoreWashington
10,1/14/2018,1.39,66149.27,1264.25,10025.87,105.72,54753.43,54746.77,6.66,0,organic,2018,BaltimoreWashington
11,1/7/2018,1.15,82282.71,1315.95,9962.1,134.19,70870.47,70863.8,6.67,0,organic,2018,BaltimoreWashington
0,3/25/2018,1.81,3119.2,76.12,1006.43,0,2036.65,618.64,1418.01,0,organic,2018,Boise
1,3/18/2018,1.85,2550.59,89.14,898.36,0,1563.09,287.9,1258.17,17.02,organic,2018,Boise
2,3/11/2018,1.8,3447.36,98.9,926.28,0,2422.18,664.03,1758.15,0,organic,2018,Boise
3,3/4/2018,1.79,2980.6,109.72,904.11,0,1966.77,526.56,1440.21,0,organic,2018,Boise
4,2/25/2018,1.82,2430.16,69.78,745.69,0,1614.69,472.96,1141.73,0,organic,2018,Boise
5,2/18/2018,1.82,2275.91,72.52,810.01,0,1393.38,725.39,667.99,0,organic,2018,Boise
6,2/11/2018,1.8,2855.33,46.25,791.61,0,2017.47,666.38,1351.09,0,organic,2018,Boise
7,2/4/2018,1.8,2594.9,76.84,590.46,0,1927.6,492.63,1376.55,58.42,organic,2018,Boise
8,1/28/2018,1.78,2419.64,52.42,580.64,0,1786.58,294.66,1490.43,1.49,organic,2018,Boise
9,1/21/2018,1.81,2446.13,41.05,577.32,0,1827.76,284.43,1541.86,1.47,organic,2018,Boise
10,1/14/2018,1.81,2130.13,51.93,802.89,0,1275.31,350.29,925.02,0,organic,2018,Boise
11,1/7/2018,1.77,2553.9,42.6,949.08,0,1562.22,552.06,1010.16,0,organic,2018,Boise
0,3/25/2018,1.74,38441.23,27.25,2031.54,0,36382.44,29466.95,6915.49,0,organic,2018,Boston
1,3/18/2018,1.83,34809.9,20.31,2456.48,0,32333.11,25094.65,7238.46,0,organic,2018,Boston
2,3/11/2018,1.85,30476.66,8.51,2114.28,0,28353.87,22732.95,5620.92,0,organic,2018,Boston
3,3/4/2018,1.92,23890.64,7.84,2254.05,0,21628.75,18636.4,2992.35,0,organic,2018,Boston
4,2/25/2018,1.79,31567.3,34.89,2390.82,0,29141.59,25069.34,4072.25,0,organic,2018,Boston
5,2/18/2018,1.83,27960.77,11.63,1603.22,0,26345.92,22938.29,3407.63,0,organic,2018,Boston
6,2/11/2018,1.85,24728.12,3.67,1795.79,3.67,22924.99,19367.62,3557.37,0,organic,2018,Boston
7,2/4/2018,1.83,28934.01,9.14,2504.27,3.66,26416.94,20660.94,5756,0,organic,2018,Boston
8,1/28/2018,1.72,30846.35,14.65,1628.45,0,29203.25,27876.23,1327.02,0,organic,2018,Boston
9,1/21/2018,1.82,26704.98,60.87,2647.48,0,23996.63,21985.03,2011.6,0,organic,2018,Boston
10,1/14/2018,1.73,29468.36,12.77,2380.23,0,27075.36,23926.76,3148.6,0,organic,2018,Boston
11,1/7/2018,1.91,30096,14.46,2704.48,0,27377.06,25121.53,2255.53,0,organic,2018,Boston
0,3/25/2018,1.03,38203.98,241.71,425.31,0,37536.96,25743.24,11793.72,0,organic,2018,BuffaloRochester
1,3/18/2018,1.17,16113.35,558.54,106.27,0,15448.54,4270.87,11177.67,0,organic,2018,BuffaloRochester
2,3/11/2018,1.24,12744.6,763.9,91.2,0,11889.5,1124.44,10765.06,0,organic,2018,BuffaloRochester
3,3/4/2018,1.38,8580.63,1197.38,159.65,0,7223.6,894.23,6329.37,0,organic,2018,BuffaloRochester
4,2/25/2018,1.27,11398.35,761.52,168.93,0,10467.9,2567.55,7900.35,0,organic,2018,BuffaloRochester
5,2/18/2018,1.23,12131.04,542.58,103.62,0,11484.84,5283.46,6201.38,0,organic,2018,BuffaloRochester
6,2/11/2018,1.21,9744.88,169.08,138.02,0,9437.78,2907.29,6530.49,0,organic,2018,BuffaloRochester
7,2/4/2018,1.18,14307.71,204.51,181.6,0,13921.6,4203.8,9717.8,0,organic,2018,BuffaloRochester
8,1/28/2018,1.17,13405.95,232.33,150.46,0,13023.16,11059.23,1963.93,0,organic,2018,BuffaloRochester
9,1/21/2018,1.23,7288.58,309.8,119.81,0,6858.97,3581.4,3277.57,0,organic,2018,BuffaloRochester
10,1/14/2018,1.19,10864.95,318.7,133.26,0,10412.99,3248.18,7164.81,0,organic,2018,BuffaloRochester
11,1/7/2018,1.17,9115.92,283.13,90.07,0,8742.72,4250.19,4492.53,0,organic,2018,BuffaloRochester
0,3/25/2018,1.7,190257.38,29644.09,70982.1,0,89631.19,89424.11,207.08,0,organic,2018,California
1,3/18/2018,1.75,202790.74,29398.11,70514.05,8.08,102870.5,102717.5,153,0,organic,2018,California
2,3/11/2018,1.58,236822.98,32765.76,83573,0,120484.22,120465.39,18.83,0,organic,2018,California
3,3/4/2018,1.57,239135.67,34245.39,67952.25,0,136938.03,136877.43,60.6,0,organic,2018,California
4,2/25/2018,1.82,179041.72,28991.22,83730.03,0,66320.47,66273.89,46.58,0,organic,2018,California
5,2/18/2018,1.97,167193.75,27895.41,73827.57,0,65470.77,65435.09,35.68,0,organic,2018,California
6,2/11/2018,1.85,168311.26,30354,56580.92,0,81376.34,81344.22,32.12,0,organic,2018,California
7,2/4/2018,1.56,188212.98,38078.53,60551.97,0,89582.48,89527.66,54.82,0,organic,2018,California
8,1/28/2018,1.87,170998.81,30070.62,58357.89,0,82570.3,82563.11,7.19,0,organic,2018,California
9,1/21/2018,1.69,181974.98,34411.37,64513.67,0,83049.94,83022.84,27.1,0,organic,2018,California
10,1/14/2018,1.61,216681.04,52253.4,95353.95,0,69073.69,69054.51,19.18,0,organic,2018,California
11,1/7/2018,1.95,156341.57,42992.91,56007.79,0,57340.87,57271.15,69.72,0,organic,2018,California
0,3/25/2018,1.77,12030.96,17.85,5964.29,161.23,5887.59,5792.37,95.22,0,organic,2018,Charlotte
1,3/18/2018,1.75,11986.57,30.26,5808.91,205.67,5941.73,5801.28,140.45,0,organic,2018,Charlotte
2,3/11/2018,1.73,13697.68,29.01,6861.78,222.69,6584.2,6511.53,72.67,0,organic,2018,Charlotte
3,3/4/2018,1.88,11882.61,31.41,6586.88,268.25,4996.07,4621.84,374.23,0,organic,2018,Charlotte
4,2/25/2018,1.91,11946.22,36.46,5987.21,190.71,5731.84,5667.58,64.26,0,organic,2018,Charlotte
5,2/18/2018,1.83,12417.57,22.67,5878.08,232.08,6284.74,5981.3,303.44,0,organic,2018,Charlotte
6,2/11/2018,1.92,11216.56,7.2,5645.05,238.86,5325.45,5176.75,148.7,0,organic,2018,Charlotte
7,2/4/2018,1.89,13273.93,26.28,5187.8,201.87,7857.98,7613.73,244.25,0,organic,2018,Charlotte
8,1/28/2018,1.76,12432.58,21.47,6626.86,271.36,5512.89,5080.46,432.43,0,organic,2018,Charlotte
9,1/21/2018,1.62,12422.7,8.94,5461.01,246.99,6705.76,6703.12,2.64,0,organic,2018,Charlotte
10,1/14/2018,1.45,19522.15,17.87,7132.92,241.85,12129.51,12116.18,13.33,0,organic,2018,Charlotte
11,1/7/2018,1.08,28741.11,22.16,6254.59,225.17,22239.19,22132.06,107.13,0,organic,2018,Charlotte
0,3/25/2018,1.69,35088.36,324.87,27550.29,0,7213.2,7176.54,36.66,0,organic,2018,Chicago
1,3/18/2018,1.66,35542.17,184.53,26955.74,0,8401.9,8398.57,3.33,0,organic,2018,Chicago
2,3/11/2018,1.66,41969.83,583.18,32382.95,0,9003.7,8990.36,13.34,0,organic,2018,Chicago
3,3/4/2018,1.62,46026.58,1107.05,35255.03,0,9664.5,9654.5,10,0,organic,2018,Chicago
4,2/25/2018,1.68,36432.65,246.73,29263.75,0,6922.17,6908.84,13.33,0,organic,2018,Chicago
5,2/18/2018,1.66,33678.58,259.18,24314.04,0,9105.36,9095.36,10,0,organic,2018,Chicago
6,2/11/2018,1.65,38202.17,409.68,26524.51,0,11267.98,11261.31,6.67,0,organic,2018,Chicago
7,2/4/2018,1.62,46956.84,313.29,32668.25,0,13975.3,13975.3,0,0,organic,2018,Chicago
8,1/28/2018,1.72,40770.94,215.4,31318.93,0,9236.61,9236.61,0,0,organic,2018,Chicago
9,1/21/2018,1.82,36688.67,83.93,28134.16,0,8470.58,8470.58,0,0,organic,2018,Chicago
10,1/14/2018,1.79,44955.89,133.39,31177.44,0,13645.06,13635.06,10,0,organic,2018,Chicago
11,1/7/2018,1.83,41573.25,118.84,29600.36,0,11854.05,11850.72,3.33,0,organic,2018,Chicago
0,3/25/2018,1.66,15502.38,728.9,4308.74,0,10464.74,7398.87,3065.87,0,organic,2018,CincinnatiDayton
1,3/18/2018,1.31,28721.72,932.06,10505.06,0,17284.6,8746,8538.6,0,organic,2018,CincinnatiDayton
2,3/11/2018,1.27,34517.3,1080.28,12488.67,0,20948.35,15617.99,5330.36,0,organic,2018,CincinnatiDayton
3,3/4/2018,1.68,11250.57,810.62,4420.73,0,6019.22,4449.27,1569.95,0,organic,2018,CincinnatiDayton
4,2/25/2018,1.78,15097.8,736.69,4538.31,0,9822.8,2275.92,7546.88,0,organic,2018,CincinnatiDayton
5,2/18/2018,1.64,9811.36,680.18,4321.38,0,4809.8,4698.48,111.32,0,organic,2018,CincinnatiDayton
6,2/11/2018,1.59,10754.39,535.84,3567.35,0,6651.2,5192.81,1458.39,0,organic,2018,CincinnatiDayton
7,2/4/2018,1.69,11196.3,628.58,4438.31,0,6129.41,4339.23,1790.18,0,organic,2018,CincinnatiDayton
8,1/28/2018,1.51,15027.47,702.32,4805.49,0,9519.66,3133.44,6386.22,0,organic,2018,CincinnatiDayton
9,1/21/2018,1.6,18364.37,678.73,5179.83,0,12505.81,2688.54,9817.27,0,organic,2018,CincinnatiDayton
10,1/14/2018,1.71,19434.36,610.29,5917.68,0,12906.39,4369.52,8536.87,0,organic,2018,CincinnatiDayton
11,1/7/2018,1.71,13141.82,710.55,5212.44,0,7218.83,3380.57,3838.26,0,organic,2018,CincinnatiDayton
0,3/25/2018,1.31,11125.08,533.97,1113.33,0,9477.78,7760.23,1717.55,0,organic,2018,Columbus
1,3/18/2018,1.2,32634.06,723.66,8582.89,0,23327.51,11776.03,11551.48,0,organic,2018,Columbus
2,3/11/2018,1.26,26620.79,820.89,10737.83,0,15062.07,12641.49,2420.58,0,organic,2018,Columbus
3,3/4/2018,1.48,7617.52,531.55,1246.43,0,5839.54,5689.68,149.86,0,organic,2018,Columbus
4,2/25/2018,1.57,7371.84,470.96,1510.35,0,5390.53,4640.71,749.82,0,organic,2018,Columbus
5,2/18/2018,1.44,7807.21,434.86,1521.43,0,5850.92,5850.92,0,0,organic,2018,Columbus
6,2/11/2018,1.42,8970.66,445.67,1117.03,0,7407.96,7086.27,321.69,0,organic,2018,Columbus
7,2/4/2018,1.47,7422.15,587.11,1186.62,0,5648.42,5453.09,195.33,0,organic,2018,Columbus
8,1/28/2018,1.43,7669.31,564.77,1557.33,0,5547.21,4090.06,1457.15,0,organic,2018,Columbus
9,1/21/2018,1.5,8977.97,613.65,1852.11,0,6512.21,4083.63,2428.58,0,organic,2018,Columbus
10,1/14/2018,1.3,10424.33,977,1620.14,0,7827.19,7350.79,476.4,0,organic,2018,Columbus
11,1/7/2018,1.15,12589.45,1639.81,1133.28,0,9816.36,9106.36,710,0,organic,2018,Columbus
0,3/25/2018,1.46,31489.27,5372.35,1047.92,0,25069,23054.17,2014.83,0,organic,2018,DallasFtWorth
1,3/18/2018,1.32,31122.09,5570.59,1317.02,0,24234.48,22630.41,1604.07,0,organic,2018,DallasFtWorth
2,3/11/2018,1.3,34357.21,6067.15,810.89,0,27479.17,25669.77,1809.4,0,organic,2018,DallasFtWorth
3,3/4/2018,1.38,28406.76,5610.19,618.5,0,22178.07,20545.89,1632.18,0,organic,2018,DallasFtWorth
4,2/25/2018,1.34,23520.36,3998.07,635.53,0,18886.76,17839.97,1046.79,0,organic,2018,DallasFtWorth
5,2/18/2018,1.36,25380.68,4546.52,787.2,0,20046.96,19653.07,393.89,0,organic,2018,DallasFtWorth
6,2/11/2018,1.34,28078.4,4681.33,437.65,0,22959.42,22690.02,269.4,0,organic,2018,DallasFtWorth
7,2/4/2018,1.37,28070.22,4977.37,561.14,0,22531.71,22281.2,250.51,0,organic,2018,DallasFtWorth
8,1/28/2018,1.45,26069.14,4936.84,476.06,0,20656.24,19613.2,1043.04,0,organic,2018,DallasFtWorth
9,1/21/2018,1.5,24032.87,4244.71,360.17,0,19427.99,17607.8,1820.19,0,organic,2018,DallasFtWorth
10,1/14/2018,1.54,25628.61,5179.65,577.3,0,19871.66,16878.39,2993.27,0,organic,2018,DallasFtWorth
11,1/7/2018,1.45,21286.58,4020.53,454.86,0,16811.19,14157.14,2654.05,0,organic,2018,DallasFtWorth
0,3/25/2018,1.6,24825.5,6516.4,685.92,44.09,17579.09,16514.58,1064.51,0,organic,2018,Denver
1,3/18/2018,1.67,21352.34,10539.17,797.06,33.21,9982.9,9087.45,895.45,0,organic,2018,Denver
2,3/11/2018,1.59,31590.9,7032.9,640.35,52.08,23865.57,23032.03,833.54,0,organic,2018,Denver
3,3/4/2018,1.55,24300.28,5776.81,588.5,10.66,17924.31,17177.3,747.01,0,organic,2018,Denver
4,2/25/2018,1.39,36823.42,8387.3,751.32,24.81,27659.99,26783.45,876.54,0,organic,2018,Denver
5,2/18/2018,1.35,36683.22,8065.46,597.63,49.7,27970.43,27804.78,165.65,0,organic,2018,Denver
6,2/11/2018,1.55,22388.13,5261.02,639.37,35.39,16452.35,16367.04,85.31,0,organic,2018,Denver
7,2/4/2018,1.51,16458.72,3746.88,496.84,23.49,12191.51,12101.76,89.75,0,organic,2018,Denver
8,1/28/2018,1.51,27513.73,6132.33,550.8,36.18,20794.42,20366.98,427.44,0,organic,2018,Denver
9,1/21/2018,1.55,30143.3,7841.79,687.2,32.61,21581.7,20613.26,968.44,0,organic,2018,Denver
10,1/14/2018,1.53,36501.82,8395.91,839.11,53.61,27213.19,25789.59,1423.6,0,organic,2018,Denver
11,1/7/2018,1.38,39706.28,8896.86,939.38,22.09,29847.95,28597.18,1250.77,0,organic,2018,Denver
0,3/25/2018,1.43,20507.49,687.46,2729.79,0,16887,13920.18,2966.82,0,organic,2018,Detroit
1,3/18/2018,1.2,63356.5,1452.72,18641.57,0,43210.85,22871.48,20339.37,0,organic,2018,Detroit
2,3/11/2018,1.23,52514.65,1549.8,20242.92,0,30687.37,27074.68,3612.69,0,organic,2018,Detroit
3,3/4/2018,1.16,24533.53,676.16,2624.4,0,21232.97,20853.85,379.12,0,organic,2018,Detroit
4,2/25/2018,1.45,15973.44,601.22,2864.17,0,12410.38,10325.46,2084.92,0,organic,2018,Detroit
5,2/18/2018,1.34,14647.97,577.71,2469.69,1.41,11579.79,11571.98,7.81,0,organic,2018,Detroit
6,2/11/2018,1.36,16655.03,606.28,2464.24,0,13547.38,12740.25,807.13,0,organic,2018,Detroit
7,2/4/2018,1.32,17541.66,580.19,2434.85,0,14480.83,13820.72,660.11,0,organic,2018,Detroit
8,1/28/2018,1.29,20073.36,738.01,3026.96,0,16298.93,12972.63,3326.3,0,organic,2018,Detroit
9,1/21/2018,1.41,22121.43,826.25,3379.62,0,17890.6,11215.49,6675.11,0,organic,2018,Detroit
10,1/14/2018,1.32,20636.96,750.22,3266.56,0,16598.98,15422.79,1176.19,0,organic,2018,Detroit
11,1/7/2018,1.22,23120.43,1649.74,3006.89,0,18452.29,16829.87,1622.42,0,organic,2018,Detroit
0,3/25/2018,1.34,8539.23,73.78,1301.09,0,7164.36,7162.69,1.67,0,organic,2018,GrandRapids
1,3/18/2018,1.33,9211.25,4.48,1362.75,0,7844.02,7815.81,28.21,0,organic,2018,GrandRapids
2,3/11/2018,1.32,8381.09,35.72,1201.8,0,7143.57,7143.57,0,0,organic,2018,GrandRapids
3,3/4/2018,1.01,17987.77,78.5,7765.2,0,10144.07,10144.07,0,0,organic,2018,GrandRapids
4,2/25/2018,1.34,7115.37,10.15,1084.45,0,6020.77,6007.44,13.33,0,organic,2018,GrandRapids
5,2/18/2018,1.29,7658.93,5.81,858.31,0,6794.81,6794.81,0,0,organic,2018,GrandRapids
6,2/11/2018,1.25,8859.53,11.55,2034.77,0,6813.21,6813.21,0,0,organic,2018,GrandRapids
7,2/4/2018,1.21,8320.22,15.77,626.63,0,7677.82,7677.82,0,0,organic,2018,GrandRapids
8,1/28/2018,1.26,8251.66,45.63,737.22,0,7468.81,7468.81,0,0,organic,2018,GrandRapids
9,1/21/2018,1.31,8566.64,4.26,1118.8,0,7443.58,7418.31,25.27,0,organic,2018,GrandRapids
10,1/14/2018,1.32,10308.41,14.16,1519.63,0,8774.62,8744.72,29.9,0,organic,2018,GrandRapids
11,1/7/2018,1.25,11449.3,12.71,3013.06,0,8423.53,8423.53,0,0,organic,2018,GrandRapids
0,3/25/2018,1.47,182492.41,5140.14,51115.63,0,125061.81,102033.82,23027.99,0,organic,2018,GreatLakes
1,3/18/2018,1.3,320320.99,6924.59,101003.84,4.97,212031.79,138687.27,73344.52,0,organic,2018,GreatLakes
2,3/11/2018,1.31,324172.31,7730.19,117026.23,0,199137.6,158988.83,40148.77,0,organic,2018,GreatLakes
3,3/4/2018,1.33,222950.32,6008.33,68134.36,0,147949.04,119193.36,28755.68,0,organic,2018,GreatLakes
4,2/25/2018,1.49,176612.49,4528.42,51477.74,0,119576.4,86332.21,33244.19,0,organic,2018,GreatLakes
5,2/18/2018,1.45,157146.89,4271.27,44540.75,1.63,108112.62,98871.98,9240.64,0,organic,2018,GreatLakes
6,2/11/2018,1.44,175088.87,4475.83,46711.13,1.63,123641.16,109613.32,14027.84,0,organic,2018,GreatLakes
7,2/4/2018,1.45,185270.31,4670.38,53564.29,0,126791.01,114470.1,12320.91,0,organic,2018,GreatLakes
8,1/28/2018,1.42,200318.01,4791.32,53866.78,0,141507.43,101734.66,39772.77,0,organic,2018,GreatLakes
9,1/21/2018,1.41,235021.5,5114.24,53205.28,0,176491.02,89986.79,86504.23,0,organic,2018,GreatLakes
10,1/14/2018,1.45,243959.31,5573.56,58518.98,0,179739.93,130909.33,48830.6,0,organic,2018,GreatLakes
11,1/7/2018,1.4,224698.1,8227.83,55921.31,0,160398.29,126158.83,34239.46,0,organic,2018,GreatLakes
0,3/25/2018,1.36,23169.17,371.93,239.04,9.87,22548.33,22545,3.33,0,organic,2018,HarrisburgScranton
1,3/18/2018,1.47,17815.44,791.32,428.09,6.63,16589.4,16589.4,0,0,organic,2018,HarrisburgScranton
2,3/11/2018,1.47,20504.66,393.48,267.87,22.22,19821.09,19811.09,10,0,organic,2018,HarrisburgScranton
3,3/4/2018,1.43,18968.96,659.11,396.33,20.94,17892.58,17889.25,3.33,0,organic,2018,HarrisburgScranton
4,2/25/2018,1.42,18414.33,330.05,369.57,5.01,17709.7,17706.37,3.33,0,organic,2018,HarrisburgScranton
5,2/18/2018,1.43,26996.61,3948.19,2895.75,15.24,20137.43,20134.1,3.33,0,organic,2018,HarrisburgScranton
6,2/11/2018,1.53,18314.18,217.6,254.81,20.89,17820.88,17798.66,22.22,0,organic,2018,HarrisburgScranton
7,2/4/2018,1.5,21055.52,322.53,300.03,6.03,20426.93,20329.15,97.78,0,organic,2018,HarrisburgScranton
8,1/28/2018,1.49,21849.91,409.5,280.03,19.17,21141.21,21137.86,3.35,0,organic,2018,HarrisburgScranton
9,1/21/2018,1.59,15829.03,225.43,166.81,19.2,15417.59,15410.91,6.68,0,organic,2018,HarrisburgScranton
10,1/14/2018,1.45,23826.74,175.52,199.52,5.07,23446.63,23446.63,0,0,organic,2018,HarrisburgScranton
11,1/7/2018,1.51,21095.12,208.15,312.97,13.01,20560.99,20550.99,10,0,organic,2018,HarrisburgScranton
0,3/25/2018,2.09,20242.65,144.4,10949.63,0,9148.62,9137.73,10.89,0,organic,2018,HartfordSpringfield
1,3/18/2018,1.88,31736.66,537.35,22724.89,0,8474.42,8472.87,1.55,0,organic,2018,HartfordSpringfield
2,3/11/2018,2.15,17722.27,147.46,8428.14,2.8,9143.87,9143.87,0,0,organic,2018,HartfordSpringfield
3,3/4/2018,1.9,27608.16,622.71,19631.02,0,7354.43,7354.43,0,0,organic,2018,HartfordSpringfield
4,2/25/2018,2.05,15721.06,213.6,7229.28,0,8278.18,8278.18,0,0,organic,2018,HartfordSpringfield
5,2/18/2018,1.48,49348.86,1201.04,40277.25,8.4,7862.17,7566.48,295.69,0,organic,2018,HartfordSpringfield
6,2/11/2018,2.1,11883.93,23.95,4455.68,8.38,7395.92,7389.71,6.21,0,organic,2018,HartfordSpringfield
7,2/4/2018,1.94,17404.84,142.97,8510.44,15.34,8736.09,8736.09,0,0,organic,2018,HartfordSpringfield
8,1/28/2018,1.9,18973.89,468.61,10161.69,2.79,8340.8,8340.8,0,0,organic,2018,HartfordSpringfield
9,1/21/2018,2.12,12308.98,97.64,4096.79,1.39,8113.16,8079.06,34.1,0,organic,2018,HartfordSpringfield
10,1/14/2018,2.02,14448.86,122.85,4410.11,0,9915.9,9911.02,4.88,0,organic,2018,HartfordSpringfield
11,1/7/2018,2.03,15204.66,76.07,4721.42,1.4,10405.77,10405.77,0,0,organic,2018,HartfordSpringfield
0,3/25/2018,1.31,36999.72,8247.81,67.33,0,28684.58,28094.58,590,0,organic,2018,Houston
1,3/18/2018,1.07,30564.4,7515.02,138.75,0,22910.63,22467.29,443.34,0,organic,2018,Houston
2,3/11/2018,1.26,40506.15,8456.51,165.94,0,31883.7,31440.37,443.33,0,organic,2018,Houston
3,3/4/2018,1.37,28699.66,6442.57,67.11,0,22189.98,21933.32,256.66,0,organic,2018,Houston
4,2/25/2018,1.41,25590.99,5721.05,68.95,0,19800.99,19544.33,256.66,0,organic,2018,Houston
5,2/18/2018,1.41,31029.02,6697.58,149.14,0,24182.3,24082.3,100,0,organic,2018,Houston
6,2/11/2018,1.4,24385.65,5208.72,60.53,0,19116.4,19029.73,86.67,0,organic,2018,Houston
7,2/4/2018,1.43,27155.44,10163.94,216.52,0,16774.98,16644.99,129.99,0,organic,2018,Houston
8,1/28/2018,1.45,26854.2,10288.17,114.77,0,16451.26,16394.59,56.67,0,organic,2018,Houston
9,1/21/2018,1.41,32722.61,7335.69,43.11,0,25343.81,25100.48,243.33,0,organic,2018,Houston
10,1/14/2018,1.49,35522.77,11013.42,108.93,0,24400.42,23953.75,446.67,0,organic,2018,Houston
11,1/7/2018,1.38,30428.43,9238.55,61.24,0,21128.64,20778.64,350,0,organic,2018,Houston
0,3/25/2018,1.28,9506.07,319.39,1427.13,0,7685.05,3437.74,4247.31,0,organic,2018,Indianapolis
1,3/18/2018,1.2,17377.59,384.68,3856.94,0,13122.54,7412.71,5709.83,0,organic,2018,Indianapolis
2,3/11/2018,1.22,15216.33,341.99,3553.23,0,11298.11,8448.16,2849.95,0,organic,2018,Indianapolis
3,3/4/2018,1.23,10713.61,283.05,1481.74,0,8706.42,6217,2489.42,0,organic,2018,Indianapolis
4,2/25/2018,1.45,9345.93,256.43,1278.39,0,7761.04,4655.23,3105.81,0,organic,2018,Indianapolis
5,2/18/2018,1.34,7478.79,230.01,1110.05,0,6084.89,3988.42,2096.47,0,organic,2018,Indianapolis
6,2/11/2018,1.34,8377.74,280.47,939.13,0,7105.49,5468.35,1637.14,0,organic,2018,Indianapolis
7,2/4/2018,1.36,9773.21,275.47,1302.43,0,8144.5,5633.86,2510.64,0,organic,2018,Indianapolis
8,1/28/2018,1.4,8935.85,205.04,1254.73,0,7455.25,4711.37,2743.88,0,organic,2018,Indianapolis
9,1/21/2018,1.48,9495.46,281.81,1266.88,0,7884.46,4149.72,3734.74,0,organic,2018,Indianapolis
10,1/14/2018,1.46,13651.18,221.76,1861.23,0,11544.01,8183.14,3360.87,0,organic,2018,Indianapolis
11,1/7/2018,1.46,9885.05,205.23,1460.83,0,8204.03,5889.7,2314.33,0,organic,2018,Indianapolis
0,3/25/2018,1.75,5518.73,171.22,806.65,3.93,4536.93,2944.89,1592.04,0,organic,2018,Jacksonville
1,3/18/2018,1.6,4077.51,87.69,667.47,3.93,3318.42,2769.35,549.07,0,organic,2018,Jacksonville
2,3/11/2018,1.53,3375.33,92.46,616.99,3.93,2661.95,2561.1,100.85,0,organic,2018,Jacksonville
3,3/4/2018,1.92,6562.68,176.31,1177.74,0,5208.63,2442.22,2766.41,0,organic,2018,Jacksonville
4,2/25/2018,1.73,4988.75,106.24,915.35,0,3967.16,2877.78,1089.38,0,organic,2018,Jacksonville
5,2/18/2018,1.89,5389.68,149.89,1094.56,2.62,4142.61,2283.94,1858.67,0,organic,2018,Jacksonville
6,2/11/2018,1.83,5216.61,165.47,836.48,6.51,4208.15,2420.23,1787.92,0,organic,2018,Jacksonville
7,2/4/2018,1.62,2838.38,57.22,465.58,0,2315.58,2008.9,306.68,0,organic,2018,Jacksonville
8,1/28/2018,2.01,5704.39,160.85,1076.66,6.49,4460.39,1776.66,2683.73,0,organic,2018,Jacksonville
9,1/21/2018,1.77,3510.16,67.15,597.85,6.46,2838.7,2105.56,733.14,0,organic,2018,Jacksonville
10,1/14/2018,1.57,2808.84,44.77,587.12,5.12,2171.83,2171.83,0,0,organic,2018,Jacksonville
11,1/7/2018,1.43,2989.39,43.23,531.48,0,2414.68,2400.05,14.63,0,organic,2018,Jacksonville
0,3/25/2018,1.65,10720.47,1541.02,1842.23,0,7337.22,7283.04,54.18,0,organic,2018,LasVegas
1,3/18/2018,1.66,11198.86,1458.43,2174.4,0,7566.03,7545.71,20.32,0,organic,2018,LasVegas
2,3/11/2018,1.62,13792.54,1966.47,2132.96,0,9693.11,9686.91,6.2,0,organic,2018,LasVegas
3,3/4/2018,1.66,11529.02,1575.2,2190.42,0,7763.4,7763.4,0,0,organic,2018,LasVegas
4,2/25/2018,1.66,10302.5,1407.85,1898.15,0,6996.5,6957.59,38.91,0,organic,2018,LasVegas
5,2/18/2018,1.64,11078.27,1473.68,1915.56,0,7689.03,7665.64,23.39,0,organic,2018,LasVegas
6,2/11/2018,1.7,9399.33,1244.97,1641.29,0,6513.07,6503.74,9.33,0,organic,2018,LasVegas
7,2/4/2018,1.79,9503.13,1479.32,1512.78,0,6511.03,6465.39,45.64,0,organic,2018,LasVegas
8,1/28/2018,1.78,8672.12,1005.73,2110.22,0,5556.17,5538.46,17.71,0,organic,2018,LasVegas
9,1/21/2018,1.91,7491.53,1096.07,1280.31,0,5115.15,5115.15,0,0,organic,2018,LasVegas
10,1/14/2018,1.98,9883.94,1497.55,2199.58,0,6186.81,6180.41,6.4,0,organic,2018,LasVegas
11,1/7/2018,1.73,10293.36,1701.33,2012.1,0,6579.93,6553.06,26.87,0,organic,2018,LasVegas
0,3/25/2018,1.74,91739.92,11197.66,29959.26,0,50583,50420.81,162.19,0,organic,2018,LosAngeles
1,3/18/2018,1.72,93566.16,10829.18,30437.33,0,52299.65,52187.11,112.54,0,organic,2018,LosAngeles
2,3/11/2018,1.39,141932.83,12839.05,36894.48,0,92199.3,92190.53,8.77,0,organic,2018,LosAngeles
3,3/4/2018,1.4,145608.11,14856.48,27596.01,0,103155.62,103108.51,47.11,0,organic,2018,LosAngeles
4,2/25/2018,1.74,90985.4,10382.97,35406.21,0,45196.22,45169.68,26.54,0,organic,2018,LosAngeles
5,2/18/2018,1.88,88854.41,9009.79,35316.2,0,44528.42,44519.43,8.99,0,organic,2018,LosAngeles
6,2/11/2018,1.74,92968.52,11627.06,23735.33,0,57606.13,57577.44,28.69,0,organic,2018,LosAngeles
7,2/4/2018,1.6,100274.88,12267.41,21472.21,0,66535.26,66486.1,49.16,0,organic,2018,LosAngeles
8,1/28/2018,1.73,97026.15,11366.1,25056.37,0,60603.68,60596.54,7.14,0,organic,2018,LosAngeles
9,1/21/2018,1.75,94441.5,9239.41,24527.98,0,60674.11,60647.03,27.08,0,organic,2018,LosAngeles
10,1/14/2018,1.68,106624.63,15769.61,39738.42,0,51116.6,51104.4,12.2,0,organic,2018,LosAngeles
11,1/7/2018,1.8,87517.23,20189.33,24193.04,0,43134.86,43077.03,57.83,0,organic,2018,LosAngeles
0,3/25/2018,1.46,4173.7,8,988.64,0,3177.06,2031.65,1145.41,0,organic,2018,Louisville
1,3/18/2018,1.38,4573.23,0,1367.86,0,3205.37,1470.9,1734.47,0,organic,2018,Louisville
2,3/11/2018,1.35,5905.79,1.3,1528.74,0,4375.75,2099.42,2276.33,0,organic,2018,Louisville
3,3/4/2018,1.43,5076.9,13.39,1011.72,0,4051.79,1959.38,2092.41,0,organic,2018,Louisville
4,2/25/2018,1.59,3673.2,1,1293.28,0,2378.92,1487.59,891.33,0,organic,2018,Louisville
5,2/18/2018,1.59,2064.9,0,1076.45,0,988.45,975.57,12.88,0,organic,2018,Louisville
6,2/11/2018,1.56,2174.66,6,883.15,0,1285.51,1027.05,258.46,0,organic,2018,Louisville
7,2/4/2018,1.48,3001.55,0,950.25,0,2051.3,1736.68,314.62,0,organic,2018,Louisville
8,1/28/2018,1.48,3245.58,1.27,1036.16,0,2208.15,1853.15,355,0,organic,2018,Louisville
9,1/21/2018,1.6,4170.14,1,1008.63,0,3160.51,1596.03,1564.48,0,organic,2018,Louisville
10,1/14/2018,1.54,3737.85,0,1199.91,0,2537.94,1769.94,768,0,organic,2018,Louisville
11,1/7/2018,1.38,4622.45,4,1207.46,0,3410.99,2226.12,1184.87,0,organic,2018,Louisville
0,3/25/2018,1.34,8620.15,111.52,296.6,0,8212.03,8212.03,0,0,organic,2018,MiamiFtLauderdale
1,3/18/2018,1.37,10458.41,351.4,439.42,0,9667.59,9656.48,11.11,0,organic,2018,MiamiFtLauderdale
2,3/11/2018,1.35,7949.82,71.89,283.8,0,7594.13,7573.34,20.79,0,organic,2018,MiamiFtLauderdale
3,3/4/2018,1.56,11549.64,420.45,893.13,0,10236.06,8935.54,1300.52,0,organic,2018,MiamiFtLauderdale
4,2/25/2018,1.6,10821.89,652.89,894.42,0,9274.58,7767.78,1506.8,0,organic,2018,MiamiFtLauderdale
5,2/18/2018,1.52,9673.24,138.51,772.24,0,8762.49,7794.44,968.05,0,organic,2018,MiamiFtLauderdale
6,2/11/2018,1.4,9320.83,139.48,429.95,0,8751.4,8423.13,328.27,0,organic,2018,MiamiFtLauderdale
7,2/4/2018,1.5,9193.3,261.74,589.27,0,8342.29,7622.22,720.07,0,organic,2018,MiamiFtLauderdale
8,1/28/2018,1.43,7883.77,162.09,272.81,0,7448.87,7448.87,0,0,organic,2018,MiamiFtLauderdale
9,1/21/2018,1.46,7557.32,127.92,285.41,0,7143.99,7143.99,0,0,organic,2018,MiamiFtLauderdale
10,1/14/2018,1.44,7957.68,50.65,203.7,0,7703.33,7700,3.33,0,organic,2018,MiamiFtLauderdale
11,1/7/2018,1.47,7496.04,52.94,293.77,0,7149.33,7135.99,13.34,0,organic,2018,MiamiFtLauderdale
0,3/25/2018,1.55,181040.19,3445.85,41893.24,641.59,135059.51,125890.81,9168.7,0,organic,2018,Midsouth
1,3/18/2018,1.52,179316.2,3930.14,48249.33,720.63,126416.1,109789.25,16626.85,0,organic,2018,Midsouth
2,3/11/2018,1.53,185141.54,3659.19,50387.09,836.2,130259.06,119351.93,10907.13,0,organic,2018,Midsouth
3,3/4/2018,1.61,170250.03,4165.25,46035.81,934.06,119114.91,108411.32,10703.59,0,organic,2018,Midsouth
4,2/25/2018,1.61,179220.19,3635.67,46267.02,672.63,128644.87,112039.31,16605.56,0,organic,2018,Midsouth
5,2/18/2018,1.62,167151.11,4053.94,55861.14,750.29,106476.61,104813.94,1662.67,0,organic,2018,Midsouth
6,2/11/2018,1.6,157203.29,2778.55,41083.21,661.32,112680.21,108074.63,4605.58,0,organic,2018,Midsouth
7,2/4/2018,1.69,158995.14,2791.08,40524.45,680.12,114996.2,110559.26,4436.94,0,organic,2018,Midsouth
8,1/28/2018,1.62,162896.45,3033.33,48878.5,911.57,110073.05,101010.31,9062.74,0,organic,2018,Midsouth
9,1/21/2018,1.68,152056.12,3204.14,44350.14,763.49,103738.35,84681.87,19056.48,0,organic,2018,Midsouth
10,1/14/2018,1.48,218369.75,2747.68,51221.04,926.79,163474.24,152552.08,10922.16,0,organic,2018,Midsouth
11,1/7/2018,1.22,283583.37,3107.8,47355.55,861.38,232258.64,223671.12,8587.52,0,organic,2018,Midsouth
0,3/25/2018,1.48,7250.69,43.77,1759.47,0,5447.45,4834.97,612.48,0,organic,2018,Nashville
1,3/18/2018,1.27,10422.05,20.41,2115.89,0,8285.75,4797.98,3487.77,0,organic,2018,Nashville
2,3/11/2018,1.32,10160.96,38.32,2553.36,0,7569.28,5132.05,2437.23,0,organic,2018,Nashville
3,3/4/2018,1.5,10565.18,41.88,2211.37,0,8311.93,6653.26,1658.67,0,organic,2018,Nashville
4,2/25/2018,1.48,10360.85,43.33,2258.33,0,8059.19,3862.2,4196.99,0,organic,2018,Nashville
5,2/18/2018,1.38,5810.43,23.53,2027.68,0,3759.22,3424.33,334.89,0,organic,2018,Nashville
6,2/11/2018,1.36,5194.01,43.62,1629.27,0,3521.12,3117.67,403.45,0,organic,2018,Nashville
7,2/4/2018,1.58,5109.24,54.15,2042.32,0,3012.77,2310.41,702.36,0,organic,2018,Nashville
8,1/28/2018,1.63,6610.16,41.96,2301.94,0,4266.26,2704.59,1561.67,0,organic,2018,Nashville
9,1/21/2018,1.68,8546.3,59.53,2081.22,0,6405.55,2314.95,4090.6,0,organic,2018,Nashville
10,1/14/2018,1.58,7618.85,47.32,2392.03,0,5179.5,3581.76,1597.74,0,organic,2018,Nashville
11,1/7/2018,1.57,7700.96,41.48,2384.27,0,5275.21,3330.37,1944.84,0,organic,2018,Nashville
0,3/25/2018,1.36,8024.7,275.67,94.25,0,7654.78,7288.89,365.89,0,organic,2018,NewOrleansMobile
1,3/18/2018,1.35,6622.76,695.79,129.78,0,5797.19,5755.56,41.63,0,organic,2018,NewOrleansMobile
2,3/11/2018,1.36,7149.27,605.53,123.61,0,6420.13,6237.77,182.36,0,organic,2018,NewOrleansMobile
3,3/4/2018,1.39,7466.34,521.04,142.08,0,6803.22,6275.55,527.67,0,organic,2018,NewOrleansMobile
4,2/25/2018,1.35,7788.21,230.68,237.47,0,7320.06,7169.99,150.07,0,organic,2018,NewOrleansMobile
5,2/18/2018,1.39,9239.49,290.98,188.28,0,8760.23,8156.67,603.56,0,organic,2018,NewOrleansMobile
6,2/11/2018,1.36,7801.52,183.18,130.5,0,7487.84,7163.33,324.51,0,organic,2018,NewOrleansMobile
7,2/4/2018,1.35,8345.08,196.63,121.26,0,8027.19,7856.66,170.53,0,organic,2018,NewOrleansMobile
8,1/28/2018,1.43,8245.33,258.61,212.78,0,7773.94,7341.1,432.84,0,organic,2018,NewOrleansMobile
9,1/21/2018,1.42,5509.3,259.52,123.76,0,5126.02,5035.55,90.47,0,organic,2018,NewOrleansMobile
10,1/14/2018,1.42,7130.97,158.28,101.58,0,6871.11,6847.77,23.34,0,organic,2018,NewOrleansMobile
11,1/7/2018,1.43,6860,122.51,161.19,0,6576.3,6528.88,47.42,0,organic,2018,NewOrleansMobile
0,3/25/2018,1.86,118503.55,12695.3,35094.5,205.59,70508.16,70377.52,130.64,0,organic,2018,NewYork
1,3/18/2018,1.7,189434.04,44234.93,80052.02,53.56,65093.53,64851.08,242.45,0,organic,2018,NewYork
2,3/11/2018,1.92,108114.03,10655.17,33419.62,144.52,63894.72,63842.58,52.14,0,organic,2018,NewYork
3,3/4/2018,1.69,133768.12,20987.96,52637.04,92.18,60050.94,59997.6,53.34,0,organic,2018,NewYork
4,2/25/2018,1.72,112128.84,12369.59,43197.79,217.92,56343.54,56343.54,0,0,organic,2018,NewYork
5,2/18/2018,1.36,495083.69,107369.04,329956.5,956.38,56801.77,55583.56,1218.21,0,organic,2018,NewYork
6,2/11/2018,1.92,79877.83,6604.28,15647.94,863.92,56761.69,55116.51,1645.18,0,organic,2018,NewYork
7,2/4/2018,1.83,93204.08,9300.64,21428.22,814.47,61660.75,61516.19,144.56,0,organic,2018,NewYork
8,1/28/2018,1.75,96380.28,13196.3,24933.01,128.24,58122.73,56090.23,2032.5,0,organic,2018,NewYork
9,1/21/2018,1.91,71760.69,5732.09,13124.59,157.72,52746.29,52130.98,615.31,0,organic,2018,NewYork
10,1/14/2018,1.91,86632.25,7433.43,17885.26,49.43,61264.13,60763.71,500.42,0,organic,2018,NewYork
11,1/7/2018,1.97,82637.97,6158.73,19251.81,47.04,57180.39,57180.39,0,0,organic,2018,NewYork
0,3/25/2018,1.58,374859.68,19823.16,58366.54,201.04,296468.94,265716.88,30752.06,0,organic,2018,Northeast
1,3/18/2018,1.64,419607.75,61608.19,131261.94,53.54,226684.08,195973.16,30710.92,0,organic,2018,Northeast
2,3/11/2018,1.76,288008.65,20619.84,53255.29,151.81,213981.71,185792.45,28189.26,0,organic,2018,Northeast
3,3/4/2018,1.65,313200.35,38734.87,90401.71,108.65,183955.12,168196.82,15758.3,0,organic,2018,Northeast
4,2/25/2018,1.63,303577.39,23250.65,66623.87,199.38,213503.49,193020.88,20482.61,0,organic,2018,Northeast
5,2/18/2018,1.39,793464.77,150620,425616.86,874.9,216353.01,197949.51,18403.5,0,organic,2018,Northeast
6,2/11/2018,1.69,233976.66,10690.15,28304.93,798.88,194182.7,175554.11,18628.59,0,organic,2018,Northeast
7,2/4/2018,1.66,273309.58,16597.29,41306.63,766.14,214639.52,188630.21,26009.31,0,organic,2018,Northeast
8,1/28/2018,1.56,319174.35,23903.56,45738.71,143.8,249388.28,242631.48,6756.8,0,organic,2018,Northeast
9,1/21/2018,1.75,215742.94,11683.16,26922.85,162.73,176974.2,167900.81,9073.39,0,organic,2018,Northeast
10,1/14/2018,1.67,272690.13,14282.25,33534.86,58.59,224814.43,206708.26,18106.17,0,organic,2018,Northeast
11,1/7/2018,1.75,264448.77,11605.47,35898.69,55.76,216888.85,205469.1,11419.75,0,organic,2018,Northeast
0,3/25/2018,1.63,22596.13,9.44,257.67,0,22329.02,22329.02,0,0,organic,2018,NorthernNewEngland
1,3/18/2018,1.62,22375.57,6,243.48,0,22126.09,22126.09,0,0,organic,2018,NorthernNewEngland
2,3/11/2018,1.64,18202.54,3,342.18,0,17857.36,17807.36,50,0,organic,2018,NorthernNewEngland
3,3/4/2018,1.54,14156.63,24,760.55,0,13372.08,13328.75,43.33,0,organic,2018,NorthernNewEngland
4,2/25/2018,1.5,30553.46,12,779.62,0,29761.84,29761.84,0,0,organic,2018,NorthernNewEngland
5,2/18/2018,1.58,29699.89,0,195.2,0,29504.69,29504.69,0,0,organic,2018,NorthernNewEngland
6,2/11/2018,1.39,22495.69,0,176.23,0,22319.46,22319.46,0,0,organic,2018,NorthernNewEngland
7,2/4/2018,1.57,19108.24,5.37,268.37,0,18834.5,18834.5,0,0,organic,2018,NorthernNewEngland
8,1/28/2018,1.29,50288.63,0,383.92,0,49904.71,49904.71,0,0,organic,2018,NorthernNewEngland
9,1/21/2018,1.59,22101.1,4,664.79,0,21432.31,21432.31,0,0,organic,2018,NorthernNewEngland
10,1/14/2018,1.46,22637.04,6,211.84,0,22419.2,22419.2,0,0,organic,2018,NorthernNewEngland
11,1/7/2018,1.75,26188.31,0,551.1,0,25637.21,25633.88,3.33,0,organic,2018,NorthernNewEngland
0,3/25/2018,1.45,11040.51,209.54,1106.74,0,9724.23,8756.67,967.56,0,organic,2018,Orlando
1,3/18/2018,1.58,12161.25,335.39,1385.16,0,10440.7,8351.9,2088.8,0,organic,2018,Orlando
2,3/11/2018,1.38,8686.28,202.25,688.21,0,7795.82,7614.44,181.38,0,organic,2018,Orlando
3,3/4/2018,1.58,10599.98,361.71,1244.48,0,8993.79,7341.04,1652.75,0,organic,2018,Orlando
4,2/25/2018,1.41,10092.35,230.59,806.41,0,9055.35,8597.78,457.57,0,organic,2018,Orlando
5,2/18/2018,1.57,9465.72,281.04,1239.92,0,7944.76,6697.78,1246.98,0,organic,2018,Orlando
6,2/11/2018,1.48,9487.94,228.09,909.96,0,8349.89,7405.55,944.34,0,organic,2018,Orlando
7,2/4/2018,1.36,7764.86,126.5,542.34,0,7096.02,7081.87,14.15,0,organic,2018,Orlando
8,1/28/2018,1.67,8402.79,197.96,1131.65,0,7073.18,5671.11,1402.07,0,organic,2018,Orlando
9,1/21/2018,1.53,6993.97,113.71,598.05,0,6282.21,6278.88,3.33,0,organic,2018,Orlando
10,1/14/2018,1.55,6659.77,86.64,639.81,0,5933.32,5926.66,6.66,0,organic,2018,Orlando
11,1/7/2018,1.56,7074.23,79.68,649.38,0,6345.17,6335.56,9.61,0,organic,2018,Orlando
0,3/25/2018,1.49,37893.5,3464.04,5737.9,9.42,28682.14,28637.44,44.7,0,organic,2018,Philadelphia
1,3/18/2018,1.58,40632.46,6924.19,13914.86,0,19793.41,19760.84,32.57,0,organic,2018,Philadelphia
2,3/11/2018,1.72,29514.08,4358.87,4695.61,0,20459.6,20459.6,0,0,organic,2018,Philadelphia
3,3/4/2018,1.51,33327.68,6525.07,6294.03,5.66,20502.92,20498.48,4.44,0,organic,2018,Philadelphia
4,2/25/2018,1.56,31548.98,4302.81,8227.53,4.2,19014.44,19011.11,3.33,0,organic,2018,Philadelphia
5,2/18/2018,1.37,75418.33,13696.39,42602.91,16.97,19102.06,19085.96,16.1,0,organic,2018,Philadelphia
6,2/11/2018,1.68,20349.55,1481.13,2510.65,13.13,16344.64,16333.54,11.1,0,organic,2018,Philadelphia
7,2/4/2018,1.63,27035.57,2687.03,3164.38,20.63,21163.53,21162.15,1.38,0,organic,2018,Philadelphia
8,1/28/2018,1.61,28257.18,3878.22,3721.44,7.64,20649.88,20602.87,47.01,0,organic,2018,Philadelphia
9,1/21/2018,1.73,23115.66,2121.11,2654.73,3.61,18336.21,18326.57,9.64,0,organic,2018,Philadelphia
10,1/14/2018,1.63,30339.71,2315.82,3563.73,8.4,24451.76,24402.26,49.5,0,organic,2018,Philadelphia
11,1/7/2018,1.69,27971.66,1954.92,3857.27,0,22159.47,22155.03,4.44,0,organic,2018,Philadelphia
0,3/25/2018,1.52,15372.8,2399.71,3164.8,0,9808.29,9789.7,18.59,0,organic,2018,PhoenixTucson
1,3/18/2018,1.54,15639.44,2130.06,3421.21,0,10088.17,10065.03,23.14,0,organic,2018,PhoenixTucson
2,3/11/2018,1.62,17727.19,2335.09,3082.62,0,12309.48,12278.25,31.23,0,organic,2018,PhoenixTucson
3,3/4/2018,1.69,15349.03,2467.3,3004.72,0,9877.01,9871.72,5.29,0,organic,2018,PhoenixTucson
4,2/25/2018,1.6,19089.16,4845.86,3196.8,0,11046.5,11031.95,14.55,0,organic,2018,PhoenixTucson
5,2/18/2018,1.51,18386.3,2832.82,3012.13,0,12541.35,12509.06,32.29,0,organic,2018,PhoenixTucson
6,2/11/2018,1.43,19026.47,2657.19,2889.56,0,13479.72,13442.8,36.92,0,organic,2018,PhoenixTucson
7,2/4/2018,1.62,14456.1,2260.81,2011.22,0,10184.07,10169.69,14.38,0,organic,2018,PhoenixTucson
8,1/28/2018,1.69,13125.79,1802.37,2243.06,0,9080.36,9073.81,6.55,0,organic,2018,PhoenixTucson
9,1/21/2018,1.78,12112.82,2178.78,1901.41,0,8032.63,8031.33,1.3,0,organic,2018,PhoenixTucson
10,1/14/2018,1.77,13514.36,3618.9,2795.53,0,7099.93,7086.72,13.21,0,organic,2018,PhoenixTucson
11,1/7/2018,1.76,16925.62,3822.41,2695.1,0,10408.11,10364.12,43.99,0,organic,2018,PhoenixTucson
0,3/25/2018,1.38,16411.89,956.73,10.91,0,15444.25,15430.91,13.34,0,organic,2018,Pittsburgh
1,3/18/2018,1.36,13856.99,991.86,30.88,0,12834.25,12827.59,6.66,0,organic,2018,Pittsburgh
2,3/11/2018,1.41,14486.33,986.55,19.71,0,13480.07,13476.74,3.33,0,organic,2018,Pittsburgh
3,3/4/2018,1.41,13219.33,1054.97,10.45,0,12153.91,12153.91,0,0,organic,2018,Pittsburgh
4,2/25/2018,1.38,12853.38,880.24,33.16,0,11939.98,11933.31,6.67,0,organic,2018,Pittsburgh
5,2/18/2018,1.36,15123.96,963.42,32.46,0,14128.08,14124.75,3.33,0,organic,2018,Pittsburgh
6,2/11/2018,1.34,14630.14,919.6,20.32,0,13690.22,13683.55,6.67,0,organic,2018,Pittsburgh
7,2/4/2018,1.4,11077.99,1053.22,25.24,0,9999.53,9999.53,0,0,organic,2018,Pittsburgh
8,1/28/2018,1.38,13137.18,1259.41,10.08,0,11867.69,11867.69,0,0,organic,2018,Pittsburgh
9,1/21/2018,1.47,7834.07,1296.15,18.33,0,6519.59,6519.59,0,0,organic,2018,Pittsburgh
10,1/14/2018,1.39,13344.06,1422.34,38.22,0,11883.5,11880.17,3.33,0,organic,2018,Pittsburgh
11,1/7/2018,1.38,13878.44,1016.81,6.6,0,12855.03,12855.03,0,0,organic,2018,Pittsburgh
0,3/25/2018,1.54,74180.36,4775.73,19162.3,0,50242.33,38235.54,12006.79,0,organic,2018,Plains
1,3/18/2018,1.58,69790.75,5124.88,20091.33,14.68,44559.86,32906.16,11653.7,0,organic,2018,Plains
2,3/11/2018,1.55,72624.66,4912.54,19192.2,7.35,48512.57,37059.78,11452.79,0,organic,2018,Plains
3,3/4/2018,1.55,74156.41,4937.37,18295.18,0,50923.86,35751.36,15172.5,0,organic,2018,Plains
4,2/25/2018,1.57,76998.78,5465.58,18240.36,0,53292.84,35159.1,18133.74,0,organic,2018,Plains
5,2/18/2018,1.63,66740.04,4145.56,16561.13,27.13,46006.22,30261.94,15744.28,0,organic,2018,Plains
6,2/11/2018,1.55,74511.33,3686.19,16026.88,0,54798.26,38151.7,16646.56,0,organic,2018,Plains
7,2/4/2018,1.55,62817.64,2624.36,15773.81,4.95,44414.52,32571.57,11842.95,0,organic,2018,Plains
8,1/28/2018,1.64,56920.22,2711.12,14479.56,0,39729.54,27818.91,11910.63,0,organic,2018,Plains
9,1/21/2018,1.69,65835.39,3266.67,17088.92,9.85,45469.95,32422.77,13047.18,0,organic,2018,Plains
10,1/14/2018,1.73,63884.71,4071.65,16536.4,2.44,43274.22,29216.82,14057.4,0,organic,2018,Plains
11,1/7/2018,1.72,61712.85,2216.22,18281.23,17.08,41198.32,30082.97,11112.64,2.71,organic,2018,Plains
0,3/25/2018,1.66,31275.39,1746.29,8110.67,0,21418.43,1712.1,19700.47,5.86,organic,2018,Portland
1,3/18/2018,1.78,26967.79,1433.7,7055.03,3.5,18475.56,1880.56,16587.23,7.77,organic,2018,Portland
2,3/11/2018,1.72,26924.36,1338.53,7520.53,0,18065.3,1900.73,16164.57,0,organic,2018,Portland
3,3/4/2018,1.57,35296.54,1772,6857.18,1.74,26665.62,1752.33,24882.44,30.85,organic,2018,Portland
4,2/25/2018,1.59,28796.94,2777.46,3529.3,0,22490.18,1870.63,20468.87,150.68,organic,2018,Portland
5,2/18/2018,1.8,20608.98,2304.48,4614.12,0,13690.38,3448.31,10232.51,9.56,organic,2018,Portland
6,2/11/2018,1.56,33493.93,2598.21,7330.17,8.57,23556.98,1415.85,22087.81,53.32,organic,2018,Portland
7,2/4/2018,1.46,35123.48,2697.49,4591.06,0,27834.93,1185.52,26586.83,62.58,organic,2018,Portland
8,1/28/2018,1.8,21678.23,2550.43,2656.25,0,16471.55,1006.14,15459.73,5.68,organic,2018,Portland
9,1/21/2018,1.8,25108.84,3170.73,3086.95,10.07,18841.09,1279.19,17489.16,72.74,organic,2018,Portland
10,1/14/2018,1.82,20964.96,3966.9,4441.29,0,12556.77,1364.14,11187.07,5.56,organic,2018,Portland
11,1/7/2018,1.59,27296.2,3740.22,6593.66,0,16962.32,1579.33,15382.99,0,organic,2018,Portland
0,3/25/2018,2.02,13379.77,86.84,5923.16,98.37,7271.4,6881.8,389.6,0,organic,2018,RaleighGreensboro
1,3/18/2018,1.93,14027.44,74.54,5983.12,135.09,7834.69,7330.45,504.24,0,organic,2018,RaleighGreensboro
2,3/11/2018,2.02,13869.87,93.04,6501.92,224.71,7050.2,6823.87,226.33,0,organic,2018,RaleighGreensboro
3,3/4/2018,1.98,15008.91,119.79,6357.72,154.02,8377.38,8147.84,229.54,0,organic,2018,RaleighGreensboro
4,2/25/2018,1.97,14215.62,161.11,5650.36,151.56,8252.59,7736.17,516.42,0,organic,2018,RaleighGreensboro
5,2/18/2018,1.99,14240.92,140.37,5695.17,122.61,8282.77,8197.97,84.8,0,organic,2018,RaleighGreensboro
6,2/11/2018,2.04,11804.91,72.38,4806.1,140.27,6786.16,6660.68,125.48,0,organic,2018,RaleighGreensboro
7,2/4/2018,2.25,14635.63,82.78,5175.05,151.37,9226.43,9000.42,226.01,0,organic,2018,RaleighGreensboro
8,1/28/2018,1.9,13996.05,145.91,6494.37,156.02,7199.75,6924.72,275.03,0,organic,2018,RaleighGreensboro
9,1/21/2018,1.86,14627.48,167.64,5921.25,176.32,8362.27,8026.25,336.02,0,organic,2018,RaleighGreensboro
10,1/14/2018,1.53,23359.01,119.42,6900.26,219.92,16119.41,15798.76,320.65,0,organic,2018,RaleighGreensboro
11,1/7/2018,1.02,48277.42,123.72,6416.92,209.38,41527.4,41246.49,280.91,0,organic,2018,RaleighGreensboro
0,3/25/2018,1.42,17340.49,295.16,3478.97,81.25,13485.11,12149.49,1335.62,0,organic,2018,RichmondNorfolk
1,3/18/2018,1.32,15940.36,459.28,3325.39,86.58,12069.11,10904.32,1164.79,0,organic,2018,RichmondNorfolk
2,3/11/2018,1.35,16213.23,363.43,3680.52,79.89,12089.39,11655.63,433.76,0,organic,2018,RichmondNorfolk
3,3/4/2018,1.43,14173.27,397.48,3653.91,119.44,10002.44,9479.36,523.08,0,organic,2018,RichmondNorfolk
4,2/25/2018,1.42,18023.03,485.27,3316.06,59.58,14162.12,11982.32,2179.8,0,organic,2018,RichmondNorfolk
5,2/18/2018,1.45,14413.06,468.13,3416.33,60.67,10467.93,10254.64,213.29,0,organic,2018,RichmondNorfolk
6,2/11/2018,1.36,18050.24,365.59,2906.21,44.28,14734.16,13970.51,763.65,0,organic,2018,RichmondNorfolk
7,2/4/2018,1.41,16592.21,352.86,3254.9,50.98,12933.47,12581.65,351.82,0,organic,2018,RichmondNorfolk
8,1/28/2018,1.44,15001.51,422.41,3934.4,93.87,10550.83,9656.85,893.98,0,organic,2018,RichmondNorfolk
9,1/21/2018,1.58,12458.09,521.57,3808.38,90.71,8037.43,6246.99,1790.44,0,organic,2018,RichmondNorfolk
10,1/14/2018,1.33,18253,354.81,3471.49,78.62,14348.08,13243.48,1104.6,0,organic,2018,RichmondNorfolk
11,1/7/2018,1.18,24634.86,563.16,3382.94,112.1,20576.66,19899.04,677.62,0,organic,2018,RichmondNorfolk
0,3/25/2018,1.6,9097.89,82.57,1984.01,0,7031.31,6152.25,879.06,0,organic,2018,Roanoke
1,3/18/2018,1.57,9095.2,110.35,2580.21,0,6404.64,4667.07,1737.57,0,organic,2018,Roanoke
2,3/11/2018,1.54,8380.75,168.6,2237.27,0,5974.88,5479.54,495.34,0,organic,2018,Roanoke
3,3/4/2018,1.78,6103.89,164.06,2155.05,0,3784.78,3393.22,391.56,0,organic,2018,Roanoke
4,2/25/2018,1.56,10168.42,194.34,2044.25,0,7929.83,5548.04,2381.79,0,organic,2018,Roanoke
5,2/18/2018,1.49,7517.03,154.15,2182.81,0,5180.07,5021.41,158.66,0,organic,2018,Roanoke
6,2/11/2018,1.44,8863.94,115.82,1767.7,0,6980.42,5962.17,1018.25,0,organic,2018,Roanoke
7,2/4/2018,1.53,8082.68,205.29,1857.77,0,6019.62,5345.21,674.41,0,organic,2018,Roanoke
8,1/28/2018,1.63,8243.33,221.71,2293.88,0,5727.74,4884.05,843.69,0,organic,2018,Roanoke
9,1/21/2018,1.67,7935.53,219.52,1633.41,0,6082.6,3524.73,2557.87,0,organic,2018,Roanoke
10,1/14/2018,1.55,9598.35,187.7,2080.55,0,7330.1,5644.04,1686.06,0,organic,2018,Roanoke
11,1/7/2018,1.48,8893.44,258.7,1976.19,0,6658.55,6089.92,568.63,0,organic,2018,Roanoke
0,3/25/2018,1.63,9608.95,1902.19,3572.34,0,4134.42,4124.42,10,0,organic,2018,Sacramento
1,3/18/2018,1.68,11828.91,1954.32,3597.7,0,6276.89,6270.22,6.67,0,organic,2018,Sacramento
2,3/11/2018,1.9,8634.75,2317.5,3561.2,0,2756.05,2752.63,3.42,0,organic,2018,Sacramento
3,3/4/2018,1.83,9611.48,2391.35,3880.13,0,3340,3340,0,0,organic,2018,Sacramento
4,2/25/2018,1.78,9497.75,2169.03,4285.39,0,3043.33,3036.67,6.66,0,organic,2018,Sacramento
5,2/18/2018,1.88,8499.84,2140.53,3537.09,0,2822.22,2818.89,3.33,0,organic,2018,Sacramento
6,2/11/2018,1.87,7802.04,2208.31,3192.62,0,2401.11,2401.11,0,0,organic,2018,Sacramento
7,2/4/2018,1.5,8713.26,2722.6,4194,0,1796.66,1796.66,0,0,organic,2018,Sacramento
8,1/28/2018,1.99,7631.73,2280.4,3098,0,2253.33,2253.33,0,0,organic,2018,Sacramento
9,1/21/2018,1.62,8933.22,3017.16,3954.94,0,1961.12,1961.12,0,0,organic,2018,Sacramento
10,1/14/2018,1.6,9939.69,3653.04,4484.42,0,1802.23,1802.23,0,0,organic,2018,Sacramento
11,1/7/2018,2.18,6511.97,2187.59,2577.71,0,1746.67,1746.67,0,0,organic,2018,Sacramento
0,3/25/2018,1.75,19086.94,865.91,10936.47,0,7284.56,7284.56,0,0,organic,2018,SanDiego
1,3/18/2018,1.75,18371.03,836.22,10877.69,0,6657.12,6657.12,0,0,organic,2018,SanDiego
2,3/11/2018,1.59,25324.3,1328.95,14303.09,0,9692.26,9692.26,0,0,organic,2018,SanDiego
3,3/4/2018,1.65,24614.51,1558.03,10118.36,0,12938.12,12934.79,3.33,0,organic,2018,SanDiego
4,2/25/2018,1.83,20171.93,1274.61,13035.32,0,5862,5858.67,3.33,0,organic,2018,SanDiego
5,2/18/2018,2.05,17875.93,946.25,10002.06,0,6927.62,6917.62,10,0,organic,2018,SanDiego
6,2/11/2018,1.88,18517.54,1101.05,8243.72,0,9172.77,9172.77,0,0,organic,2018,SanDiego
7,2/4/2018,1.81,17454.74,1158.41,7388.27,0,8908.06,8908.06,0,0,organic,2018,SanDiego
8,1/28/2018,1.91,17579.47,1145.64,8284.41,0,8149.42,8149.42,0,0,organic,2018,SanDiego
9,1/21/2018,1.95,18676.37,1088.49,9282.37,0,8305.51,8305.51,0,0,organic,2018,SanDiego
10,1/14/2018,1.81,21770.02,3285.98,14338.52,0,4145.52,4145.52,0,0,organic,2018,SanDiego
11,1/7/2018,2.06,16746.82,5150.82,9366.31,0,2229.69,2229.69,0,0,organic,2018,SanDiego
0,3/25/2018,1.64,34687.2,10102.62,10778.96,0,13805.62,13802.29,3.33,0,organic,2018,SanFrancisco
1,3/18/2018,1.86,38845.77,10129.17,10074.1,0,18642.5,18639.17,3.33,0,organic,2018,SanFrancisco
2,3/11/2018,2.16,25741.84,10368.17,10850.44,0,4523.23,4523.23,0,0,organic,2018,SanFrancisco
3,3/4/2018,2.07,25055.39,9521.74,10818.1,0,4715.55,4715.55,0,0,organic,2018,SanFrancisco
4,2/25/2018,2.11,24475.48,9731.2,11686.51,0,3057.77,3057.77,0,0,organic,2018,SanFrancisco
5,2/18/2018,2.25,21551.76,9721.38,9543.71,0,2286.67,2283.34,3.33,0,organic,2018,SanFrancisco
6,2/11/2018,2.22,21708.65,9960.19,9215.13,0,2533.33,2533.33,0,0,organic,2018,SanFrancisco
7,2/4/2018,1.34,28070.07,13610.05,12257.81,0,2202.21,2202.21,0,0,organic,2018,SanFrancisco
8,1/28/2018,2.27,20325.75,9368.06,8808.8,0,2148.89,2148.89,0,0,organic,2018,SanFrancisco
9,1/21/2018,1.36,27919.45,13037.67,11998.44,0,2883.34,2883.34,0,0,organic,2018,SanFrancisco
10,1/14/2018,1.32,37347.89,19301.15,14957.23,0,3089.51,3089.51,0,0,organic,2018,SanFrancisco
11,1/7/2018,2.3,20151.24,10165.34,8042.56,0,1943.34,1943.34,0,0,organic,2018,SanFrancisco
0,3/25/2018,1.48,96048.46,1753.94,41364.9,40.54,52889.08,8496.71,44278.26,114.11,organic,2018,Seattle
1,3/18/2018,1.83,45893.2,1490.12,15816.48,32.34,28554.26,2763.22,25662.29,128.75,organic,2018,Seattle
2,3/11/2018,1.54,69014.81,1542.56,26198.85,139.06,41134.34,2974.28,38160.06,0,organic,2018,Seattle
3,3/4/2018,1.27,156527.16,1999.5,37762.97,24.38,116740.31,2489.87,114116.48,133.96,organic,2018,Seattle
4,2/25/2018,1.36,105545.72,1285.8,23264.24,41.54,80954.14,2511.78,78344.09,98.27,organic,2018,Seattle
5,2/18/2018,1.86,40425.93,1033.98,12852.51,33.58,26505.86,11523.9,14950.62,31.34,organic,2018,Seattle
6,2/11/2018,1.22,101110.96,1318.39,31821.41,175.52,67795.64,4818.28,62844.86,132.5,organic,2018,Seattle
7,2/4/2018,1.14,124659.55,1345.94,32088.04,85.31,91140.26,1998.66,88880.93,260.67,organic,2018,Seattle
8,1/28/2018,1.99,35988,954.77,11558.54,32,23442.69,1487.79,21867.48,87.42,organic,2018,Seattle
9,1/21/2018,2.02,33986.68,928.1,12632.06,23.62,20402.9,1469.79,18905.41,27.7,organic,2018,Seattle
10,1/14/2018,2.03,36228.45,1147.33,18370.39,9.23,16701.5,1630.19,15063.98,7.33,organic,2018,Seattle
11,1/7/2018,1.26,98765.23,1404.78,33170.68,11.77,64178,2054.96,62104.14,18.9,organic,2018,Seattle
0,3/25/2018,1.38,16025.2,163.55,4234.24,81.45,11545.96,9882.44,1663.52,0,organic,2018,SouthCarolina
1,3/18/2018,1.35,16296.42,135.34,4345.05,111.34,11704.69,10661.48,1043.21,0,organic,2018,SouthCarolina
2,3/11/2018,1.36,17561.89,181.68,4942.56,99.85,12337.8,11957.7,380.1,0,organic,2018,SouthCarolina
3,3/4/2018,1.44,16468.01,206.2,5412.8,71.81,10777.2,9893.94,883.26,0,organic,2018,SouthCarolina
4,2/25/2018,1.41,17191.34,212.48,4438.03,95.27,12445.56,12088.07,357.49,0,organic,2018,SouthCarolina
5,2/18/2018,1.43,15443.91,145.58,4665.8,78.05,10554.48,9900.82,653.66,0,organic,2018,SouthCarolina
6,2/11/2018,1.47,14289.52,70.09,4206.95,84.14,9928.34,8754.94,1173.4,0,organic,2018,SouthCarolina
7,2/4/2018,1.42,16666.13,132.57,4063.83,102.86,12366.87,11819.92,546.95,0,organic,2018,SouthCarolina
8,1/28/2018,1.46,14938.24,110.46,5096.23,94.82,9636.73,8443.69,1193.04,0,organic,2018,SouthCarolina
9,1/21/2018,1.4,17566.45,105.95,4280.36,73.29,13106.85,11152.35,1954.5,0,organic,2018,SouthCarolina
10,1/14/2018,1.31,18678.63,67.8,4372.27,114.33,14124.23,13152.29,971.94,0,organic,2018,SouthCarolina
11,1/7/2018,1.26,19702.51,257.05,4243.68,151.13,15050.65,14269.86,780.79,0,organic,2018,SouthCarolina
0,3/25/2018,1.42,163496.7,29253.3,5080.04,0,129163.36,109052.26,20111.1,0,organic,2018,SouthCentral
1,3/18/2018,1.28,154056.32,27820.2,6264.66,0,119971.46,101198.09,18773.37,0,organic,2018,SouthCentral
2,3/11/2018,1.32,179212.94,29896.39,5707.77,0,143608.78,126427.81,17180.97,0,organic,2018,SouthCentral
3,3/4/2018,1.41,144664.26,25407.12,5094.72,0,114162.42,96833.15,17329.27,0,organic,2018,SouthCentral
4,2/25/2018,1.41,126906.61,20045.22,4781.58,0,102079.81,87202.79,14877.02,0,organic,2018,SouthCentral
5,2/18/2018,1.42,134888.08,23406.88,5128.16,27.46,106325.58,94331.46,11994.12,0,organic,2018,SouthCentral
6,2/11/2018,1.4,128955.64,20164.54,3290.73,0,105500.37,93391.83,12108.54,0,organic,2018,SouthCentral
7,2/4/2018,1.41,135996.73,29097.18,3815.01,0,103084.54,96116.6,6967.94,0,organic,2018,SouthCentral
8,1/28/2018,1.42,137453.79,29301.71,4418.91,0,103733.17,98629.14,5104.03,0,organic,2018,SouthCentral
9,1/21/2018,1.44,138349.93,22596.66,3200.09,0,112553.18,105354.48,7198.7,0,organic,2018,SouthCentral
10,1/14/2018,1.5,146720.73,31829.24,4472.99,0,110418.5,102266.31,8152.19,0,organic,2018,SouthCentral
11,1/7/2018,1.41,126323.33,25296.77,3848.62,3,97174.94,90151.57,7023.37,0,organic,2018,SouthCentral
0,3/25/2018,1.45,121917.39,1929.39,18391.86,110.05,101486.09,85313.41,16172.68,0,organic,2018,Southeast
1,3/18/2018,1.43,119853.94,2557.74,20398.98,133.09,96764.13,82917.28,13846.85,0,organic,2018,Southeast
2,3/11/2018,1.37,113559.93,2019.57,19238.35,130.1,92171.91,89311.39,2860.52,0,organic,2018,Southeast
3,3/4/2018,1.55,122700.54,2856.11,23002.28,104.25,96737.9,80786.88,15951.02,0,organic,2018,Southeast
4,2/25/2018,1.46,115509.8,2796.03,20114.88,105.74,92493.15,85039.04,7454.11,0,organic,2018,Southeast
5,2/18/2018,1.5,103546.73,1973.3,19701.21,100.93,81771.29,70925.9,10845.39,0,organic,2018,Southeast
6,2/11/2018,1.46,103704.87,1583.44,17086.95,134.96,84899.52,73615.54,11283.98,0,organic,2018,Southeast
7,2/4/2018,1.44,96702.5,1589.03,16827.96,118.89,78166.62,72587.74,5578.88,0,organic,2018,Southeast
8,1/28/2018,1.55,103243.02,1886.12,21288.86,121.72,79946.32,63894.49,16051.83,0,organic,2018,Southeast
9,1/21/2018,1.48,105688.73,1379.6,16329.87,114.48,87864.78,71192.79,16671.99,0,organic,2018,Southeast
10,1/14/2018,1.42,106345.74,1053.73,16596.47,158.66,88536.88,78949.63,9587.25,0,organic,2018,Southeast
11,1/7/2018,1.4,103034.09,1359.47,16209.36,194.07,85271.19,78886.47,6384.72,0,organic,2018,Southeast
0,3/25/2018,1.59,5750.56,266.92,1707.42,2.21,3774.01,638.89,3105.71,29.41,organic,2018,Spokane
1,3/18/2018,1.6,5793.89,242.52,1753.53,0,3797.84,837.78,2947.85,12.21,organic,2018,Spokane
2,3/11/2018,1.72,4790.07,307.23,1845.22,0,2637.62,1042.98,1594.64,0,organic,2018,Spokane
3,3/4/2018,1.6,5305.01,461.71,2076.61,0,2766.69,755.97,2010.72,0,organic,2018,Spokane
4,2/25/2018,1.64,4720.69,269.06,1496.26,0,2955.37,747.5,2207.87,0,organic,2018,Spokane
5,2/18/2018,1.64,4747.13,271.98,1421.43,0,3053.72,1301.83,1751.89,0,organic,2018,Spokane
6,2/11/2018,1.66,4099.32,243.98,1330.99,0,2524.35,583.17,1941.18,0,organic,2018,Spokane
7,2/4/2018,1.7,4561.62,277.76,1722.99,0,2560.87,593.4,1948.18,19.29,organic,2018,Spokane
8,1/28/2018,1.7,4300.76,195.24,1169.26,0,2936.26,535.55,2400.71,0,organic,2018,Spokane
9,1/21/2018,1.76,4532.08,227.35,1340.5,0,2964.23,745.55,2216.3,2.38,organic,2018,Spokane
10,1/14/2018,1.85,4412.54,150.54,1948.36,0,2313.64,564.45,1749.19,0,organic,2018,Spokane
11,1/7/2018,1.74,3788.91,212.72,1413.85,0,2162.34,600,1562.34,0,organic,2018,Spokane
0,3/25/2018,1.82,8210.37,1426.49,2452.5,0,4331.38,3427.78,903.6,0,organic,2018,StLouis
1,3/18/2018,1.8,7105.79,1052.26,2821.98,7.09,3224.46,3207.79,16.67,0,organic,2018,StLouis
2,3/11/2018,1.71,8092.62,1127.67,2916.23,0,4048.72,4022.23,26.49,0,organic,2018,StLouis
3,3/4/2018,1.76,6858.14,982.72,2294.52,0,3580.9,3054.45,526.45,0,organic,2018,StLouis
4,2/25/2018,1.69,7970.31,1546.57,774.53,0,5649.21,3548.89,2100.32,0,organic,2018,StLouis
5,2/18/2018,1.76,7007.39,1253.21,756.65,3.53,4994,2970,2024,0,organic,2018,StLouis
6,2/11/2018,1.75,7732.34,1448.4,752.88,1.75,5529.31,3018.89,2510.42,0,organic,2018,StLouis
7,2/4/2018,1.69,6493.79,1328.38,666.47,0,4498.94,2696.67,1802.27,0,organic,2018,StLouis
8,1/28/2018,1.76,6297.35,1399.87,649.18,0,4248.3,2360,1888.3,0,organic,2018,StLouis
9,1/21/2018,1.77,6887.8,1559.68,823.81,0,4504.31,2868.51,1635.8,0,organic,2018,StLouis
10,1/14/2018,1.97,8138.94,2054.96,1185.62,0,4898.36,2004.4,2893.96,0,organic,2018,StLouis
11,1/7/2018,1.49,11148.12,842.57,815.93,0,9489.62,7538.34,1951.28,0,organic,2018,StLouis
0,3/25/2018,1.04,14503.47,78.95,148.37,0,14276.15,9992.31,4283.84,0,organic,2018,Syracuse
1,3/18/2018,1.19,6981.22,162.32,87.87,0,6731.03,2782.91,3948.12,0,organic,2018,Syracuse
2,3/11/2018,1.25,4685.01,168.95,61.01,0,4455.05,775.9,3679.15,0,organic,2018,Syracuse
3,3/4/2018,1.42,3061.66,395.14,89.31,0,2577.21,721.5,1855.71,0,organic,2018,Syracuse
4,2/25/2018,1.3,4162.96,154.36,133.07,0,3875.53,1645.95,2229.58,0,organic,2018,Syracuse
5,2/18/2018,1.3,5092.83,310.36,84.43,0,4698.04,2136.41,2561.63,0,organic,2018,Syracuse
6,2/11/2018,1.23,4815.48,69.81,56.64,0,4689.03,1972.88,2716.15,0,organic,2018,Syracuse
7,2/4/2018,1.22,6294.16,85.22,152.09,0,6056.85,2847.48,3209.37,0,organic,2018,Syracuse
8,1/28/2018,1.19,6393.58,30.09,128.49,0,6235,5670.94,564.06,0,organic,2018,Syracuse
9,1/21/2018,1.27,3159.8,92.12,73.17,0,2994.51,2117.69,876.82,0,organic,2018,Syracuse
10,1/14/2018,1.25,4343.09,116.19,64.16,0,4162.74,1986.09,2176.65,0,organic,2018,Syracuse
11,1/7/2018,1.25,4764.47,59.95,133.89,0,4570.63,3125.05,1445.58,0,organic,2018,Syracuse
0,3/25/2018,1.41,10028.49,138.15,773.22,0,9117.12,8208.82,908.3,0,organic,2018,Tampa
1,3/18/2018,1.5,10311.24,190.28,901.77,0,9219.19,7687.03,1532.16,0,organic,2018,Tampa
2,3/11/2018,1.31,8115.07,101.14,392.38,0,7621.55,7494.08,127.47,0,organic,2018,Tampa
3,3/4/2018,1.51,9851.33,223.68,839.86,0,8787.79,7327.76,1460.03,0,organic,2018,Tampa
4,2/25/2018,1.37,9144.2,206.39,542.89,0,8394.92,7895.92,499,0,organic,2018,Tampa
5,2/18/2018,1.5,8534.53,131.47,781,0,7622.06,6452.23,1169.83,0,organic,2018,Tampa
6,2/11/2018,1.34,8467.46,40.73,486.03,0,7940.7,7499.96,440.74,0,organic,2018,Tampa
7,2/4/2018,1.32,7363.56,89.59,440.31,0,6833.66,6827.78,5.88,0,organic,2018,Tampa
8,1/28/2018,1.61,7695.89,156.01,859.2,0,6680.68,5567.39,1113.29,0,organic,2018,Tampa
9,1/21/2018,1.52,6871.05,76.66,407.09,0,6387.3,6375.55,11.75,0,organic,2018,Tampa
10,1/14/2018,1.53,7238.04,106.98,496.61,0,6634.45,6634.45,0,0,organic,2018,Tampa
11,1/7/2018,1.51,7370.53,42.17,400.58,0,6927.78,6921.12,6.66,0,organic,2018,Tampa
0,3/25/2018,1.55,1559967.2,121007.94,342853.1,1070.24,1093861.09,902774.79,190941.84,144.46,organic,2018,TotalUS
1,3/18/2018,1.54,1675804.22,170801.85,444949.69,1045.38,1058651.5,837351.85,221129.46,170.19,organic,2018,TotalUS
2,3/11/2018,1.52,1664234.88,129169.72,408763.5,1401.87,1124621.5,944572.5,180049,0,organic,2018,TotalUS
3,3/4/2018,1.52,1634430.77,142345.03,390129.5,1225.97,1099871.68,831885.5,267818.31,167.87,organic,2018,TotalUS
4,2/25/2018,1.57,1459852.55,122912.97,340374.83,1063.32,994471.5,765056.82,229158.56,256.12,organic,2018,TotalUS
5,2/18/2018,1.52,1814929.97,246515.35,680037.45,1905.46,886241.96,783017.98,103184.01,39.97,organic,2018,TotalUS
6,2/11/2018,1.56,1317000.47,98465.26,270798.27,1839.8,945638.02,768242.42,177144,251.6,organic,2018,TotalUS
7,2/4/2018,1.53,1384683.41,117922.52,287724.61,1703.52,977084.84,774695.74,201878.69,510.41,organic,2018,TotalUS
8,1/28/2018,1.61,1336979.09,118616.17,280080.34,1270.61,936859.49,796104.27,140652.84,102.38,organic,2018,TotalUS
9,1/21/2018,1.63,1283987.65,108705.28,259172.13,1490.02,914409.26,710654.4,203526.59,228.27,organic,2018,TotalUS
10,1/14/2018,1.59,1476651.08,145680.62,323669.83,1580.01,1005593.78,858772.69,146808.97,12.12,organic,2018,TotalUS
11,1/7/2018,1.51,1517332.7,129541.43,296490.29,1289.07,1089861.24,915452.78,174381.57,26.89,organic,2018,TotalUS
0,3/25/2018,1.6,271723.08,26996.28,77861.39,117.56,166747.85,87108,79495.39,144.46,organic,2018,West
1,3/18/2018,1.73,210067.47,33437.98,47165.54,110.4,129353.55,73163.12,56020.24,170.19,organic,2018,West
2,3/11/2018,1.63,264691.87,27566.25,60383.57,276.42,176465.63,107174.93,69290.7,0,organic,2018,West
3,3/4/2018,1.46,347373.17,25990.6,71213.19,79.01,250090.37,85835.17,164087.33,167.87,organic,2018,West
4,2/25/2018,1.49,301985.61,34200.18,49139.34,85.58,218560.51,99989.62,118314.77,256.12,organic,2018,West
5,2/18/2018,1.64,224798.6,30149,38800.64,123.13,155725.83,120428.13,35257.73,39.97,organic,2018,West
6,2/11/2018,1.47,275248.53,24732.55,61713.53,243,188559.45,88497.05,99810.8,251.6,organic,2018,West
7,2/4/2018,1.41,283378.47,22474.66,55360.49,133.41,205409.91,70232.59,134666.91,510.41,organic,2018,West
8,1/28/2018,1.8,185974.53,22918.4,33051.14,93.52,129911.47,77822.23,51986.86,102.38,organic,2018,West
9,1/21/2018,1.83,189317.99,27049.44,33561.32,439.47,128267.76,76091.99,51947.5,228.27,organic,2018,West
10,1/14/2018,1.82,207999.67,33869.12,47435.14,433.52,126261.89,89115.78,37133.99,12.12,organic,2018,West
11,1/7/2018,1.48,297190.6,34734.97,62967.74,157.77,199330.12,103761.55,95544.39,24.18,organic,2018,West
0,3/25/2018,1.62,15303.4,2325.3,2171.66,0,10806.44,10569.8,236.64,0,organic,2018,WestTexNewMexico
1,3/18/2018,1.56,15896.38,2055.35,1499.55,0,12341.48,12114.81,226.67,0,organic,2018,WestTexNewMexico
2,3/11/2018,1.56,22128.42,2162.67,3194.25,8.93,16762.57,16510.32,252.25,0,organic,2018,WestTexNewMexico
3,3/4/2018,1.54,17393.3,1832.24,1905.57,0,13655.49,13401.93,253.56,0,organic,2018,WestTexNewMexico
4,2/25/2018,1.57,18421.24,1974.26,2482.65,0,13964.33,13698.27,266.06,0,organic,2018,WestTexNewMexico
5,2/18/2018,1.56,17597.12,1892.05,1928.36,0,13776.71,13553.53,223.18,0,organic,2018,WestTexNewMexico
6,2/11/2018,1.57,15986.17,1924.28,1368.32,0,12693.57,12437.35,256.22,0,organic,2018,WestTexNewMexico
7,2/4/2018,1.63,17074.83,2046.96,1529.2,0,13498.67,13066.82,431.85,0,organic,2018,WestTexNewMexico
8,1/28/2018,1.71,13888.04,1191.7,3431.5,0,9264.84,8940.04,324.8,0,organic,2018,WestTexNewMexico
9,1/21/2018,1.87,13766.76,1191.92,2452.79,727.94,9394.11,9351.8,42.31,0,organic,2018,WestTexNewMexico
10,1/14/2018,1.93,16205.22,1527.63,2981.04,727.01,10969.54,10919.54,50,0,organic,2018,WestTexNewMexico
11,1/7/2018,1.62,17489.58,2894.77,2356.13,224.53,12014.15,11988.14,26.01,0,organic,2018,WestTexNewMexico
